Patch_no	Precision	  Recall	Fragments/Patch	   omega
       1	 0.72614	 0.86636	 0.91300	 1.24919
       2	 0.88581	 0.64207	 1.12430	 1.80530
     All	 0.86701	 0.83396	 1.00000	 1.60308
