Patch_no	Precision	  Recall	Fragments/Patch	   omega
       1	 1.00000	 0.80481	 0.83330	 0.86846
       2	 1.00000	 0.88969	 0.91260	 2.93439
       3	 0.99853	 0.81278	 0.84020	 0.73076
       4	 0.99993	 0.64475	 1.38020	 1.30683
       5	 0.99776	 0.55710	 0.55710	 0.76207
       6	 1.00000	 0.55500	 0.55500	 1.89124
       7	 0.99963	 0.88885	 0.93470	 0.67372
       8	 0.95856	 0.78225	 0.89270	 2.15367
     All	 0.99222	 0.88302	 1.00000	 1.45855
