Patch_no	Precision	  Recall	Fragments/Patch	   omega
       1	 0.61676	 0.73375	 0.77600	 1.11922
       2	 0.65976	 0.87659	 0.97190	 1.55141
       3	 0.28337	 0.55800	 0.55800	 1.36896
     All	 0.72477	 0.85486	 1.00000	 1.41295
