Patch_no	Precision	  Recall	Fragments/Patch	   omega
       1	 0.99893	 0.56110	 0.56110	 2.07695
       2	 1.00000	 0.34760	 0.34760	 0.56816
       3	 0.98137	 0.55580	 0.55580	 1.20138
       4	 1.00000	 0.67225	 0.70370	 0.95060
       5	 1.00000	 0.56860	 0.56860	 1.64516
       6	 0.99883	 0.82617	 0.85170	 1.59880
       7	 1.00000	 0.56120	 0.56120	 1.97527
     All	 0.99666	 0.76018	 1.00000	 1.41138
