Patch_no	Precision	  Recall	Fragments/Patch	   omega
       1	 1.00000	 0.40220	 0.40220	 1.25181
       2	 1.00000	 0.38680	 0.38680	 2.20936
     All	 0.99464	 0.52253	 1.00000	 1.73059
