Patch_no	Precision	  Recall	Fragments/Patch	   omega
       1	 0.88061	 0.57350	 0.57350	 1.14820
       2	 1.00000	 0.56120	 0.56120	 1.21464
       3	 0.84035	 0.55400	 0.55400	 1.58804
       4	 0.94425	 0.84892	 1.05430	 1.04037
       5	 1.00000	 0.55310	 0.55310	 2.31392
       6	 1.00000	 0.35530	 0.35530	 1.21508
       7	 1.00000	 0.56700	 0.56700	 1.05223
     All	 0.93628	 0.79232	 1.00000	 1.26936
