Patch_no	Precision	  Recall	Fragments/Patch	   omega
       1	 1.00000	 0.67113	 0.70220	 1.71105
     All	 0.98428	 0.80891	 1.00000	 1.71105
