Patch_no	Precision	  Recall	Fragments/Patch	   omega
       1	 1.00000	 0.54960	 0.54960	 2.71937
       2	 0.99982	 0.56240	 0.56240	 1.17066
       3	 1.00000	 0.53810	 0.53810	 1.34700
       4	 0.95870	 0.66471	 0.69600	 2.00454
       5	 0.89448	 0.54970	 0.54970	 1.45914
     All	 0.95602	 0.75541	 1.00000	 1.76418
