Patch_no	Precision	  Recall	Fragments/Patch	   omega
       1	 1.00000	 0.67358	 0.70510	 0.92948
       2	 1.00000	 0.66440	 0.69620	 1.88129
       3	 0.94476	 0.55840	 0.55840	 0.92798
       4	 1.00000	 0.80211	 0.83090	 0.70311
       5	 1.00000	 0.85495	 0.89800	 1.02285
       6	 1.00000	 0.56900	 0.56900	 1.85452
       7	 0.89185	 0.56980	 0.56980	 0.98319
     All	 0.97838	 0.83467	 1.00000	 1.16655
